precinct,dist10,dist12
270690092,01A,01A
270690045,01A,01A
270690050,01A,01A
270690055,01A,01A
270690060,01A,01A
270690065,01A,01A
270690070,01A,01A
270690075,01A,01A
270690080,01A,01A
270690085,01A,01A
270690090,01A,01A
270690095,01A,01A
270690100,01A,01A
270690105,01A,01A
270690115,01A,01A
270690118,01A,01A
270690120,01A,01A
270690125,01A,01A
270690130,01A,01A
270690135,01A,01A
270690140,01A,01A
270690110,01A,01A
270690005,01A,01A
270690010,01A,01A
270690015,01A,01A
270690020,01A,01A
270690025,01A,01A
270690030,01A,01A
270690035,01A,01A
270690040,01A,01A
270690145,01A,01A
270690150,01A,01A
270690155,01A,01A
270690160,01A,01A
270690165,01A,01A
270690170,01A,01A
270690175,01A,01A
270690180,01A,01A
270690185,01A,01A
270890166,01A,01A
270890005,01A,01A
270890045,01A,01A
270890050,01A,01A
270890070,01A,01A
270890075,01A,01A
270890080,01A,01A
270890085,01A,01A
270890090,01A,01A
270890105,01A,01A
270890110,01A,01A
270890115,01A,01A
270890120,01A,01A
270890125,01A,01A
270890130,01A,01A
270890135,01A,01A
270890150,01A,01A
270890160,01A,01A
270890165,01A,01A
270890170,01A,01A
270890175,01A,01A
270890180,01A,01A
270890185,01A,01A
270890190,01A,01A
270890210,01A,01A
270890220,01A,01A
270890230,01A,01A
270890240,01A,01A
270890245,01A,01A
270890255,01A,01A
270890295,01A,01A
271350005,01A,01A
271350010,01A,01A
271350015,01A,01A
271350020,01A,01A
271350025,01A,01A
271350028,01A,01A
271350030,01A,01A
271350035,01A,01A
271350040,01A,01A
271350045,01A,01A
271350050,01A,01A
271130055,01A,01A
271130060,01A,01A
271130085,01A,01B
271130090,01A,01B
271130100,01A,01B
271130120,01A,01A
271130125,01A,01A
271130135,01A,01A
271130140,01A,01A
271130150,01A,01A
271130155,01A,01A
271130165,01A,01A
271130170,01A,01A
271130180,01A,01A
271130185,01A,01A
271350055,01A,01A
271350060,01A,01A
271350065,01A,01A
271350070,01A,01A
271350075,01A,01A
271350080,01A,01A
271350083,01A,01A
271350085,01A,01A
271350090,01A,01A
271350095,01A,01A
271350100,01A,01A
271350105,01A,01A
271350110,01A,01A
271350115,01A,01A
271350120,01A,01A
271350121,01A,01A
271350122,01A,01A
271350125,01A,01A
271350130,01A,01A
271350135,01A,01A
271350140,01A,01A
271350145,01A,01A
271350150,01A,01A
271350155,01A,01A
271350160,01A,01A
271350165,01A,01A
271350170,01A,01A
271350175,01A,01A
271350176,01A,01A
271350180,01A,01A
271350185,01A,01A
271350190,01A,01A
271350195,01A,01A
270890010,01B,01A
270890015,01B,01A
270890020,01B,01A
270890025,01B,01A
270890030,01B,01A
270890035,01B,01A
270890040,01B,01A
270890055,01B,01A
270890060,01B,01A
270890065,01B,01A
270890095,01B,01A
270890100,01B,01A
270890140,01B,01A
270890145,01B,01A
270890155,01B,01A
270890195,01B,01A
270890200,01B,01A
270890205,01B,01A
270890215,01B,01A
270890225,01B,01A
270890235,01B,01A
270890250,01B,01A
270890260,01B,01A
270890265,01B,01A
270890270,01B,01A
270890275,01B,01A
270890280,01B,01A
270890285,01B,01A
270890290,01B,01A
270890300,01B,01A
271130005,01B,01B
271130010,01B,01B
271130015,01B,01B
271130045,01B,01B
271130050,01B,01B
271130065,01B,01A
271130070,01B,01B
271130080,01B,01B
271130095,01B,01B
271130105,01B,01A
271130110,01B,01B
271130195,01B,01B
271190005,01B,01B
271190010,01B,01B
271190015,01B,01B
271190020,01B,01B
271190035,01B,01B
271190040,01B,01B
271190045,01B,01B
271190055,01B,01B
271190065,01B,01B
271190070,01B,01B
271190075,01B,01B
271190080,01B,01B
271190085,01B,01B
271190090,01B,01B
271190105,01B,01B
271190110,01B,01B
271190120,01B,01B
271190130,01B,01B
271190140,01B,01B
271190150,01B,01B
271190165,01B,01B
271190170,01B,01B
271190175,01B,01B
271190180,01B,01B
271190185,01B,01B
271190190,01B,01B
271190200,01B,01B
271190205,01B,01B
271190230,01B,01B
271190235,01B,01B
271190240,01B,01B
271190245,01B,01B
271190260,01B,01B
271190265,01B,01B
271190270,01B,01B
271190285,01B,01B
271190295,01B,01B
271190300,01B,01B
271190310,01B,01B
271190320,01B,01B
271190330,01B,01B
271190340,01B,01B
271190345,01B,01B
271190355,01B,01B
271190360,01B,01B
271190365,01B,01B
271190380,01B,01B
271190385,01B,01B
271190395,01B,01B
271190400,01B,01B
271190415,01B,01B
271190420,01B,01B
271190435,01B,01B
271190440,01B,01B
271190455,01B,01B
271250005,01B,01B
271250010,01B,01B
271250015,01B,01B
271250020,01B,01B
271250025,01B,01B
271250030,01B,01B
271250035,01B,01B
271250040,01B,01B
271250045,01B,01B
271250050,01B,01B
271250055,01B,01B
271250060,01B,01B
271250065,01B,01B
271250070,01B,01B
271250075,01B,01B
271250080,01B,01B
271250085,01B,01B
271250087,01B,01B
271250090,01B,01B
271250095,01B,01B
271250100,01B,01B
270050145,02A,02B
270050150,02A,02B
270050155,02A,02B
270050160,02A,02B
270050165,02A,02B
270050170,02A,02B
270050175,02A,02B
270050185,02A,02B
270050190,02A,02B
270050195,02A,02B
270050200,02A,02B
270050210,02A,02B
270050220,02A,02B
270050225,02A,02B
270050230,02A,02B
270050005,02A,02B
270050010,02A,02B
270050015,02A,02B
270050020,02A,02B
270050025,02A,02B
270050030,02A,02B
270050035,02A,02B
270050045,02A,02B
270050080,02A,04B
270050082,02A,02B
270050085,02A,02B
270050095,02A,02B
270050100,02A,02B
270050110,02A,02B
270050115,02A,02B
270050120,02A,02B
270050130,02A,02B
270050135,02A,02B
270050050,02A,02B
270290040,02A,02B
270290065,02A,02B
270290070,02A,02B
270290110,02A,02B
270290135,02A,02B
270290140,02A,02B
270870005,02A,02B
270870010,02A,02B
270870015,02A,02B
270870020,02A,02B
270870025,02A,02B
270870030,02A,02B
270870035,02A,02B
270870040,02A,02B
270870045,02A,02B
270870050,02A,02B
270870055,02A,02B
270870060,02A,02B
270870065,02A,02B
270870070,02A,02B
270870075,02A,02B
270870080,02A,02B
270870085,02A,02B
270870090,02A,02B
270870095,02A,02B
271070005,02A,04B
271070010,02A,04B
271070015,02A,04B
271070020,02A,04B
271070025,02A,04B
271070030,02A,04B
271070035,02A,04B
271070040,02A,04B
271070045,02A,04B
271070050,02A,04B
271070055,02A,04B
271070060,02A,04B
271070065,02A,04B
271070070,02A,04B
271070075,02A,04B
271070080,02A,04B
271070085,02A,04B
271070090,02A,04B
271070095,02A,04B
271070100,02A,04B
271070105,02A,04B
271070110,02A,04B
271070115,02A,04B
271070120,02A,04B
271070125,02A,04B
271070130,02A,04B
271070135,02A,04B
271070140,02A,04B
271070145,02A,04B
271070150,02A,04B
271070155,02A,04B
271070160,02A,04B
271070165,02A,04B
271190025,02A,01B
271190030,02A,01B
271190060,02A,01B
271190195,02A,01B
271190210,02A,01B
271190220,02A,01B
271190225,02A,01B
271190280,02A,01B
271190305,02A,01B
271190315,02A,01B
271190325,02A,01B
271190335,02A,01B
271190350,02A,01B
271190370,02A,01B
271190375,02A,01B
271190390,02A,01B
271190405,02A,01B
271190410,02A,01B
271190445,02A,01B
271190450,02A,01B
270050060,02A,04B
270570122,02B,02B
270070005,02B,02A
270070010,02B,02A
270070045,02B,02A
270070050,02B,02A
270070055,02B,02A
270070060,02B,02A
270070065,02B,02A
270070070,02B,02A
270070075,02B,02A
270070085,02B,02A
270070090,02B,02A
270070095,02B,02A
270070100,02B,02A
270070105,02B,02A
270070110,02B,02A
270070115,02B,02A
270070120,02B,02A
270070125,02B,02A
270070130,02B,02A
270070135,02B,02A
270070140,02B,02A
270070145,02B,02A
270070150,02B,02A
270070155,02B,02A
270070165,02B,02A
270070175,02B,02A
270070180,02B,02A
270070185,02B,02A
270070190,02B,02A
270070195,02B,02A
270070200,02B,02A
270070202,02B,02A
270070205,02B,02A
270070210,02B,02A
270070215,02B,02A
270070220,02B,02A
270070225,02B,02A
270070230,02B,02A
270070240,02B,02A
270070245,02B,02A
270070255,02B,02A
270070260,02B,02A
270070265,02B,02A
270070275,02B,02A
270070280,02B,02A
270070290,02B,02A
270070295,02B,02A
270070300,02B,02A
270290005,02B,02A
270290010,02B,02B
270290015,02B,02A
270290020,02B,02A
270290025,02B,02A
270290030,02B,02A
270290035,02B,02A
270290045,02B,02A
270290050,02B,02A
270290055,02B,02A
270290056,02B,02A
270290060,02B,02A
270290075,02B,02A
270290080,02B,02A
270290085,02B,02B
270290090,02B,02B
270290095,02B,02B
270290100,02B,02A
270290105,02B,02A
270290115,02B,02A
270290120,02B,02A
270290125,02B,02A
270290130,02B,02A
270570015,02B,02A
270570022,02B,02A
270570025,02B,02A
270570040,02B,02A
270570065,02B,02B
270570070,02B,02B
270570075,02B,02A
270570080,02B,02A
270570085,02B,02A
270570090,02B,02A
270570120,02B,02B
270570125,02B,02A
270570130,02B,02A
270570140,02B,02B
270570150,02B,02B
270570152,02B,02B
271130020,02B,01B
271130025,02B,01B
271130030,02B,01B
271130035,02B,01B
271130040,02B,01B
271130075,02B,01B
271130115,02B,01B
271190050,02B,01B
271190160,02B,01B
271190250,02B,01B
271190255,02B,01B
271190275,02B,01B
271190290,02B,01B
271190430,02B,01B
270610055,03A,05B
270610060,03A,05B
270610070,03A,06A
270610074,03A,06A
270610076,03A,06A
270610085,03A,05B
270610110,03A,06A
270610120,03A,06A
270610130,03A,06A
270610135,03A,06A
270610005,03A,05A
270610010,03A,05B
270610015,03A,05A
270610025,03A,05B
270610040,03A,06A
270610045,03A,06A
270610050,03A,06A
270610175,03A,05A
270610184,03A,06A
270610189,03A,06A
270610195,03A,06A
270610209,03A,05B
270610215,03A,06A
270610220,03A,05A
270770080,03A,02A
270610230,03A,05B
270610235,03A,05A
270610240,03A,06A
270610245,03A,06A
270610247,03A,06A
270610249,03A,06A
270610260,03A,06A
270610265,03A,05A
270610280,03A,06A
270610285,03A,06A
270610290,03A,05A
270610300,03A,05A
270610305,03A,05B
270610327,03A,05B
270610335,03A,06A
270610339,03A,05B
270610350,03A,05B
270610355,03A,05B
270610360,03A,06A
270610365,03A,06A
270610380,03A,05A
270710005,03A,03A
270710010,03A,03A
270710015,03A,03A
270710020,03A,03A
270710023,03A,03A
270710025,03A,03A
270710030,03A,03A
270710034,03A,03A
270710040,03A,03A
270710045,03A,03A
270710050,03A,03A
270710055,03A,03A
270710060,03A,03A
270710070,03A,03A
270710075,03A,03A
270710080,03A,03A
270710081,03A,03A
270710082,03A,03A
270710083,03A,03A
270710085,03A,03A
270710090,03A,03A
270710095,03A,03A
270710100,03A,03A
270710105,03A,03A
270710110,03A,03A
270710115,03A,03A
270710120,03A,03A
270710125,03A,03A
270710130,03A,03A
270710140,03A,03A
270710145,03A,03A
270710155,03A,03A
270710160,03A,03A
270710165,03A,03A
270710170,03A,03A
270710175,03A,03A
270770075,03A,02A
270770005,03A,02A
270770010,03A,02A
270770015,03A,02A
270770020,03A,02A
270770030,03A,02A
270770031,03A,02A
270770035,03A,02A
270770040,03A,02A
270770044,03A,02A
270770045,03A,02A
270770046,03A,02A
270770050,03A,02A
270770055,03A,02A
270770065,03A,02A
270770070,03A,02A
270010005,03B,10B
270010010,03B,10B
270010015,03B,10B
270010020,03B,10B
270010025,03B,10B
270010030,03B,10B
270010035,03B,10B
270010038,03B,10B
270010040,03B,10B
270010045,03B,10B
270010050,03B,10B
270010055,03B,10B
270010060,03B,10B
270010065,03B,10B
270010070,03B,10B
270010075,03B,10B
270010080,03B,10B
270010082,03B,10B
270010085,03B,10B
270010090,03B,10B
270010095,03B,10B
270010100,03B,10B
270010105,03B,10B
270010110,03B,10B
270010115,03B,10B
270010120,03B,10B
270010125,03B,10B
270010130,03B,10B
270010132,03B,10B
270010135,03B,10B
270010140,03B,10B
270010145,03B,10B
270010150,03B,10B
270010155,03B,10B
270010160,03B,10B
270010165,03B,10B
270010170,03B,10B
270010175,03B,10B
270010180,03B,10B
270010185,03B,10B
270010190,03B,10B
270010195,03B,10B
270010200,03B,10B
270010205,03B,10B
270010210,03B,10B
270010215,03B,10B
270010220,03B,10B
270010225,03B,10B
270010230,03B,10B
270010240,03B,10B
270010255,03B,10B
270010260,03B,10B
270010285,03B,10B
270010290,03B,10B
270610090,03B,05B
270610145,03B,05B
270610151,03B,05B
270610155,03B,05B
270610086,03B,05B
270610030,03B,05B
270610035,03B,05B
270610161,03B,05B
270610200,03B,05B
270610244,03B,05B
270610320,03B,05B
270610340,03B,05B
270610370,03B,05A
270610372,03B,05B
270610140,03B,05B
270610087,03B,05B
270610227,03B,05B
270070015,04A,05A
270070020,04A,05A
270070025,04A,05A
270070030,04A,05A
270070035,04A,05A
270070040,04A,05A
270070080,04A,05A
270070160,04A,05A
270070170,04A,05A
270070172,04A,05A
270070235,04A,05A
270070250,04A,05A
270070270,04A,05A
270070285,04A,05A
270610065,04A,05A
270610095,04A,05B
270610100,04A,05B
270610125,04A,05A
270210025,04A,05A
270210030,04A,05B
270210040,04A,05B
270210045,04A,05A
270210050,04A,05A
270210055,04A,05A
270210075,04A,05A
270210085,04A,05B
270210105,04A,05A
270210110,04A,05A
270210118,04A,05A
270210130,04A,05A
270210135,04A,05A
270210145,04A,05A
270210150,04A,05B
270210155,04A,05A
270210184,04A,05A
270210190,04A,05A
270210200,04A,05A
270210230,04A,05B
270210235,04A,05B
270210237,04A,05A
270210240,04A,05A
270210245,04A,05B
270210255,04A,05B
270210260,04A,05B
270210262,04A,05A
270210270,04A,05B
270210275,04A,05B
270210280,04A,05B
270210285,04A,05A
270210290,04A,05B
270210295,04A,05A
270210310,04A,05A
270210312,04A,05B
270210317,04A,05A
270610020,04A,05A
270610205,04A,05A
270610225,04A,05A
270610255,04A,05A
270610270,04A,05A
270610295,04A,05A
270610310,04A,05A
270610330,04A,05A
270610345,04A,05A
270610375,04A,05A
270610385,04A,05B
270210005,04B,09A
270210010,04B,05B
270210015,04B,05B
270210020,04B,09A
270210035,04B,05A
270210060,04B,05B
270210065,04B,09A
270210070,04B,09A
270210080,04B,05B
270210090,04B,05B
270210095,04B,09A
270210100,04B,09A
270210115,04B,05A
270210120,04B,05B
270210125,04B,09A
270210140,04B,09A
270210160,04B,09A
270210165,04B,05B
270210170,04B,09A
270210175,04B,09A
270210180,04B,09A
270210185,04B,09A
270210187,04B,09A
270210195,04B,09A
270210205,04B,05B
270210210,04B,05B
270210215,04B,05B
270210220,04B,09A
270210225,04B,05B
270210250,04B,05A
270210252,04B,05A
270210265,04B,09A
270210300,04B,09A
270210305,04B,05A
270210315,04B,09A
270210320,04B,05B
270350055,04B,10A
270350075,04B,10B
270350076,04B,10B
270350085,04B,10B
270350100,04B,10B
270350115,04B,10B
270350120,04B,10B
270350125,04B,10B
270350140,04B,10A
270350155,04B,10A
270350175,04B,10A
270350180,04B,10A
270350195,04B,10B
270350205,04B,10B
270350215,04B,10A
270350235,04B,10A
270350240,04B,10A
270350245,04B,10B
270350255,04B,10B
270350265,04B,10B
270350280,04B,10B
270350290,04B,10B
270570005,04B,02A
270570010,04B,02A
270570020,04B,02B
270570030,04B,02B
270570035,04B,02A
270570045,04B,02A
270570050,04B,02A
270570055,04B,02A
270570060,04B,02A
270570095,04B,02A
270570100,04B,02A
270570105,04B,02A
270570110,04B,02B
270570115,04B,02B
270570135,04B,02A
270570145,04B,02A
270570155,04B,02A
271370020,05A,06A
271370055,05A,06B
271370060,05A,06B
271370080,05A,06A
271370005,05A,06A
271370115,05A,06B
271370120,05A,06B
271370470,05A,06B
271370475,05A,06B
271370480,05A,06B
271370485,05A,06B
271370510,05A,06B
271370545,05A,06A
271370550,05A,06B
271370575,05A,06A
271370580,05A,06A
271370735,05A,06B
271370755,05A,06B
271370765,05A,06B
271370785,05A,06B
271370797,05A,06B
271370810,05A,06A
271370820,05A,06B
271370825,05A,06B
271370880,05A,06B
271370881,05A,06B
271370915,05A,06B
271370930,05A,06A
271370960,05A,06B
271370962,05A,06B
271370970,05A,06A
271370971,05A,06A
271370973,05A,06A
271370976,05A,06B
271370979,05A,06B
271371035,05A,06B
271371040,05A,06B
271371045,05A,06B
271371050,05A,06B
271371055,05A,06B
271371060,05A,06B
271371125,05A,06B
271371130,05A,06B
271371135,05A,06B
271371150,05A,06B
271371136,05A,06B
271370010,05B,06B
271370031,05B,06B
271370040,05B,06A
271370090,05B,06A
271370095,05B,06A
271370100,05B,06A
271370130,05B,06B
271370440,05B,06B
271370445,05B,06A
271370520,05B,06A
271370525,05B,06A
271370530,05B,06A
271370540,05B,06B
271370570,05B,06B
271370590,05B,06A
271370591,05B,06A
271370615,05B,06A
271370620,05B,06A
271370625,05B,06A
271370630,05B,06A
271370635,05B,06A
271370640,05B,06A
271370645,05B,06A
271370650,05B,06A
271370655,05B,06A
271370660,05B,06A
271370665,05B,06A
271370750,05B,06B
271370760,05B,06B
271370775,05B,06A
271370795,05B,06B
271370800,05B,06B
271370840,05B,06B
271370845,05B,06B
271370855,05B,06B
271370857,05B,06B
271370890,05B,06A
271370920,05B,03B
271370935,05B,06A
271370945,05B,06A
271370950,05B,06B
271370965,05B,06A
271371030,05B,06A
271371155,05B,06B
270310005,06A,03A
270310010,06A,03A
270310015,06A,03A
270310020,06A,03A
270310025,06A,03A
270310030,06A,03A
270310035,06A,03A
270310040,06A,03A
270310045,06A,03A
270310050,06A,03A
270310055,06A,03A
270310060,06A,03A
270750005,06A,03A
270750010,06A,03A
270750020,06A,03A
270750025,06A,03A
270750035,06A,03A
270750040,06A,03A
270750050,06A,03A
270750060,06A,03A
270750065,06A,03A
270750070,06A,03B
270750080,06A,03B
270750090,06A,03B
270750105,06A,03B
270750110,06A,03A
270750115,06A,03B
270750120,06A,03B
270750125,06A,03A
270750130,06A,03A
271370015,06A,03A
271370030,06A,03A
271370035,06A,03A
271370045,06A,03A
271370050,06A,03A
271370065,06A,03A
271370066,06A,03A
271370125,06A,03A
271370133,06A,03A
271370435,06A,03B
271370437,06A,03A
271370450,06A,03A
271370505,06A,03A
271370515,06A,03A
271370565,06A,03A
271370585,06A,03A
271370770,06A,03B
271370780,06A,03A
271370790,06A,03A
271370815,06A,03A
271370821,06A,03A
271370850,06A,03B
271370852,06A,03A
271370860,06A,03A
271370865,06A,03A
271370875,06A,03A
271370885,06A,03A
271370886,06A,03A
271370940,06A,03A
271370975,06A,03A
271370990,06A,03A
271370999,06A,03A
271371000,06A,03A
271371001,06A,03A
271371002,06A,03A
271371005,06A,03A
271371011,06A,03A
271371140,06A,03A
271371145,06A,03A
271371160,06A,03A
270170135,06B,11A
270170160,06B,11A
270170165,06B,11A
271370085,06B,03B
271370195,06B,03B
271370260,06B,07B
271370265,06B,03B
271370270,06B,07B
271370305,06B,07B
271370595,06B,03B
271370600,06B,03B
271370605,06B,03B
271370805,06B,03B
271370895,06B,03B
271370910,06B,03B
271370140,07A,07A
271370145,07A,07A
271370150,07A,07A
271370155,07A,07A
271370160,07A,07A
271370165,07A,07A
271370170,07A,07A
271370175,07A,07A
271370180,07A,07A
271370190,07A,07A
271370200,07A,07A
271370205,07A,07A
271370215,07A,07A
271370220,07A,07B
271370225,07A,07B
271370210,07B,07A
271370230,07B,07A
271370235,07B,07A
271370240,07B,07B
271370245,07B,07B
271370250,07B,07B
271370255,07B,07B
271370275,07B,07B
271370280,07B,07B
271370285,07B,07B
271370290,07B,07B
271370295,07B,07B
271370300,07B,07B
271370315,07B,07B
271370320,07B,07B
271370325,07B,07B
270170005,08A,11A
270170010,08A,11A
270170015,08A,11A
270170020,08A,11A
270170025,08A,11A
270170030,08A,11A
270170035,08A,11A
270170040,08A,11A
270170045,08A,11A
270170050,08A,11A
270170055,08A,11A
270170060,08A,11A
270170065,08A,11A
270170068,08A,11A
270170070,08A,11A
270170075,08A,11A
270170080,08A,11A
270170085,08A,11A
270170090,08A,11A
270170095,08A,11A
270170100,08A,11A
270170105,08A,11A
270170110,08A,11A
270170115,08A,11A
270170118,08A,11A
270170120,08A,11A
270170125,08A,11A
270170130,08A,11A
270170140,08A,11A
270170145,08A,11A
270170150,08A,11A
270170155,08A,11A
270170170,08A,11A
270170175,08A,11A
270170180,08A,11A
270170185,08A,11A
271370025,08A,11A
271370070,08A,11A
271370075,08A,11A
271150010,08A,11B
271150015,08A,11B
271150025,08A,11B
271150030,08A,11B
271150045,08A,11B
271150050,08A,11B
271150060,08A,11B
271150065,08A,11B
271150070,08A,11B
271150080,08A,11B
271150085,08A,11B
271150090,08A,11B
271150095,08A,11B
271150115,08A,11B
271150120,08A,11A
271150125,08A,11B
271150145,08A,11B
271150150,08A,11B
271150155,08A,11B
271150160,08A,11B
271150165,08A,11B
271150170,08A,11B
271150190,08A,11B
271150207,08A,11B
271150221,08A,11B
271150225,08A,11B
271150230,08A,11B
271150235,08A,11B
271150240,08A,11A
271370135,08A,11A
271370925,08A,11A
270650005,08B,15A
270650010,08B,11B
270650015,08B,11B
270650020,08B,11B
270650025,08B,11B
270650030,08B,15A
270650035,08B,11B
270650040,08B,11B
270650045,08B,15A
270650050,08B,15A
270650055,08B,15A
270650060,08B,11B
270650065,08B,11B
270650070,08B,11B
270650080,08B,15A
270650085,08B,15A
270590015,08B,32A
270590030,08B,32A
270590045,08B,32A
270590070,08B,32A
270650090,08B,11B
270650095,08B,11B
270650100,08B,15A
270650105,08B,11B
271150005,08B,11B
271150020,08B,11B
271150035,08B,11B
271150040,08B,11B
271150055,08B,11B
271150075,08B,11B
271150100,08B,11B
271150105,08B,11B
271150110,08B,11B
271150135,08B,11B
271150140,08B,11B
271150175,08B,11B
271150185,08B,11B
271150195,08B,11B
271150200,08B,11B
271150205,08B,11B
271150210,08B,11B
271150215,08B,11B
270270060,09A,04B
270270065,09A,04B
270270070,09A,04B
270270075,09A,04B
270270080,09A,04B
270270100,09A,04B
270270140,09A,04B
270270150,09A,04B
270270155,09A,04A
270270160,09A,04A
270270165,09A,04A
270270170,09A,04A
270270175,09A,04A
270270180,09A,04A
270270185,09A,04A
270270190,09A,04A
270270195,09A,04A
270270200,09A,04A
270270205,09A,04A
270270210,09A,04A
270270220,09A,04B
270270225,09A,04A
270270250,09A,04B
270270260,09A,04B
270270265,09A,04B
270270270,09A,04B
270050040,09B,04B
270050065,09B,04B
270050125,09B,04B
270050140,09B,04B
270270005,09B,04B
270270010,09B,04B
270270015,09B,04B
270270020,09B,04B
270270025,09B,04B
270270030,09B,04B
270270035,09B,04B
270270040,09B,04B
270270045,09B,04B
270270050,09B,04B
270270055,09B,04B
270270085,09B,04B
270270090,09B,04B
270270095,09B,04B
270270105,09B,04B
270270110,09B,04B
270270115,09B,04B
270270120,09B,04B
270270125,09B,04B
270270130,09B,04B
270270135,09B,04B
270270145,09B,04B
270270212,09B,04A
270270215,09B,04A
270270230,09B,04B
270270235,09B,04B
270270240,09B,04B
270270245,09B,04B
270270255,09B,04B
271550005,09B,12A
271550010,09B,12A
271550015,09B,12A
271550020,09B,12A
271550025,09B,12A
271550027,09B,12A
271550030,09B,12A
271550035,09B,12A
271550040,09B,12A
271550045,09B,12A
271550050,09B,12A
271550055,09B,12A
271550060,09B,12A
271550065,09B,12A
271550070,09B,12A
271550075,09B,12A
271550080,09B,12A
271550085,09B,12A
271550090,09B,12A
271550095,09B,12A
271670005,09B,12A
271670010,09B,12A
271670015,09B,12A
271670020,09B,12A
271670025,09B,12A
271670030,09B,12A
271670035,09B,12A
271670040,09B,12A
271670050,09B,12A
271670055,09B,12A
271670060,09B,12A
271670065,09B,12A
271670070,09B,12A
271670072,09B,12A
271670075,09B,12A
271670080,09B,12A
271670085,09B,12A
271670090,09B,12A
271670095,09B,12A
271670100,09B,12A
271670105,09B,12A
271670110,09B,12A
271670113,09B,12A
271670115,09B,12A
271670120,09B,12A
271670125,09B,12A
271670130,09B,12A
271670135,09B,12A
271670140,09B,12A
271670145,09B,12A
271670147,09B,12A
271670150,09B,12A
271670155,09B,12A
270050055,09B,04B
270050075,09B,04B
271110005,10A,08A
271110010,10A,08A
271110015,10A,08A
271110020,10A,08A
271110040,10A,08A
271110050,10A,08A
271110055,10A,08A
271110060,10A,08B
271110065,10A,08B
271110080,10A,08A
271110085,10A,08A
271110090,10A,08A
271110110,10A,08A
271110115,10A,08A
271110120,10A,08B
271110140,10A,08A
271110145,10A,08A
271110155,10A,08A
271110160,10A,08A
271110165,10A,08A
271110170,10A,08A
271110175,10A,08A
271110180,10A,08A
271110185,10A,08A
271110190,10A,08A
271110195,10A,08A
271110200,10A,08A
271110205,10A,08A
271110210,10A,08A
271110220,10A,08A
271110265,10A,08B
271110270,10A,08A
271110275,10A,08A
271110280,10A,08A
271110295,10A,08B
271110300,10A,08A
271110310,10A,08A
271110315,10A,08A
271110350,10A,08A
271110355,10A,08A
271110380,10A,08A
271110390,10A,08A
271110395,10A,08A
271110400,10A,08A
271110405,10A,08A
271110410,10A,08B
271110415,10A,08A
271110420,10A,08A
271110425,10A,08A
271110430,10A,08B
271110435,10A,08A
271110440,10A,08B
271110450,10A,08A
270050180,10B,02B
270050205,10B,02B
270050215,10B,02B
270050235,10B,02B
270050240,10B,02B
270050090,10B,02B
270050105,10B,02B
271110025,10B,08B
271110030,10B,08B
271110035,10B,08B
271110045,10B,02B
271110070,10B,08B
271110075,10B,02B
271110095,10B,08B
271110100,10B,08B
271110105,10B,08A
271110125,10B,08B
271110130,10B,08A
271110135,10B,08B
271110150,10B,08B
271110215,10B,08B
271110225,10B,08B
271110230,10B,08A
271110235,10B,08B
271110240,10B,08B
271110245,10B,08A
271110250,10B,08B
271110255,10B,08B
271110260,10B,08B
271110285,10B,08B
271110290,10B,08B
271110305,10B,08B
271110320,10B,08B
271110325,10B,08B
271110330,10B,08B
271110335,10B,02B
271110340,10B,08B
271110345,10B,08B
271110360,10B,08A
271110365,10B,08A
271110370,10B,08B
271110375,10B,08B
271110385,10B,08B
271110445,10B,08B
271110455,10B,08B
271590005,10B,09A
271590010,10B,09A
271590015,10B,02B
271590020,10B,09A
271590025,10B,02B
271590030,10B,09A
271590035,10B,09A
271590040,10B,09A
271590045,10B,02B
271590050,10B,09A
271590055,10B,09A
271590060,10B,09A
271590065,10B,09A
271590070,10B,09A
271590075,10B,09A
271590080,10B,02B
271590085,10B,09A
271590090,10B,09A
271590095,10B,09A
271590100,10B,09A
271590105,10B,09A
271590110,10B,09A
271590120,10B,09A
271590125,10B,09A
270410005,11A,08B
270410010,11A,08B
270410015,11A,08B
270410020,11A,08B
270410025,11A,08B
270410040,11A,12A
270410045,11A,12A
270410060,11A,12A
270410065,11A,12A
270410070,11A,12B
270410075,11A,12B
270410080,11A,12A
270410085,11A,12B
270410095,11A,12A
270410100,11A,12B
270410105,11A,12B
270410110,11A,08B
270410115,11A,12A
270410120,11A,12A
270410125,11A,12A
270410140,11A,12A
270410165,11A,12A
270410175,11A,12A
270510005,11A,12A
270510010,11A,12A
270510015,11A,12A
270510020,11A,12A
270510025,11A,12A
270510030,11A,12A
270510035,11A,12A
270510040,11A,12A
270510045,11A,12A
270510050,11A,12A
270510055,11A,12A
270510060,11A,12A
270510065,11A,12A
270510070,11A,12A
270510075,11A,12A
270510080,11A,12A
270510085,11A,12A
270510090,11A,12A
270510095,11A,12A
270510100,11A,12A
270510105,11A,12A
270510110,11A,12A
270510115,11A,12A
271490005,11A,12A
271490010,11A,12A
271490015,11A,12A
271490020,11A,12A
271490025,11A,12A
271490030,11A,12A
271490035,11A,12A
271490040,11A,12A
271490045,11A,12A
271490050,11A,12A
271490055,11A,12A
271490060,11A,12A
271490065,11A,12A
271490072,11A,12A
271490073,11A,12A
271490075,11A,12A
271490076,11A,12A
271490080,11A,12A
271490081,11A,12A
271490085,11A,12A
271490090,11A,12A
271490095,11A,12A
271490100,11A,12A
271490105,11A,12A
271490110,11A,12A
271490115,11A,12A
270410012,11B,08B
271530173,11B,09B
270410007,11B,08B
270410030,11B,08B
270410035,11B,08B
270410050,11B,08B
270410055,11B,08B
270410090,11B,08B
270410130,11B,08B
270410135,11B,08B
270410145,11B,08B
270410150,11B,12B
270410155,11B,08B
270410160,11B,08B
270410170,11B,08B
271530005,11B,09A
271530010,11B,09A
271530015,11B,09A
271530020,11B,09A
271530025,11B,09A
271530030,11B,09B
271530035,11B,09A
271530040,11B,09B
271530045,11B,09B
271530050,11B,09A
271530055,11B,09A
271530060,11B,09A
271530065,11B,09A
271530070,11B,09A
271530075,11B,09A
271530080,11B,09B
271530085,11B,09B
271530090,11B,09A
271530095,11B,09A
271530100,11B,09A
271530105,11B,09A
271530110,11B,09A
271530115,11B,09A
271530120,11B,09A
271530126,11B,09B
271530135,11B,09B
271530140,11B,09A
271530145,11B,09A
271530150,11B,09A
271530155,11B,09B
271530160,11B,09A
271530165,11B,09A
271530170,11B,09A
271530175,11B,09A
271530180,11B,09A
271530185,11B,09A
271530188,11B,09A
271530190,11B,09A
271530195,11B,09A
270410017,11B,08B
270350200,12A,10B
270350040,12A,10A
270350185,12A,10A
270350005,12A,10A
270350006,12A,10A
270350007,12A,10A
270350008,12A,10A
270350015,12A,10A
270350016,12A,10A
270350020,12A,10A
270350025,12A,10A
270350035,12A,10A
270350045,12A,10A
270350050,12A,10A
270350060,12A,10A
270350065,12A,10B
270350070,12A,10B
270350080,12A,10B
270350095,12A,10A
270350160,12A,10B
270350165,12A,10B
270350170,12A,10B
270350190,12A,10A
270350220,12A,10A
270350230,12A,10B
270350285,12A,10B
270350295,12A,10A
270970135,12B,09B
270350010,12B,10B
270350090,12B,10B
270350105,12B,10B
270350110,12B,10B
270350130,12B,10B
270350135,12B,10B
270350145,12B,10B
270350150,12B,10B
270350210,12B,10B
270350225,12B,10B
270350250,12B,10B
270350260,12B,10B
270350275,12B,10B
270970005,12B,09B
270970010,12B,09B
270970015,12B,09B
270970020,12B,09B
270970025,12B,09B
270970030,12B,09B
270970035,12B,09B
270970045,12B,09B
270970050,12B,09B
270970055,12B,09B
270970060,12B,09B
270970065,12B,09B
270970070,12B,09B
270970075,12B,09B
270970085,12B,09B
270970090,12B,09B
270970120,12B,09B
270970125,12B,09B
270970130,12B,09B
270970145,12B,09B
270970150,12B,09B
270970160,12B,09B
270970165,12B,09B
270970170,12B,09B
270970175,12B,09B
270970180,12B,09B
270970185,12B,09B
270970195,12B,09B
270970205,12B,09B
270970210,12B,09B
270970215,12B,09B
270970220,12B,09B
270970225,12B,09B
270970230,12B,09B
270970235,12B,09B
270970240,12B,09B
270970245,12B,09B
270970250,12B,09B
271450105,13A,12B
271450110,13A,12B
271450130,13A,12B
271450135,13A,12B
271450137,13A,12B
271450140,13A,12B
271450165,13A,12B
271450170,13A,12B
271450180,13A,12B
271450185,13A,12B
271450195,13A,12B
271210065,13A,12A
271210070,13A,12B
271210075,13A,12A
271210080,13A,12B
271210085,13A,12B
271210090,13A,12B
271210095,13A,12B
271210100,13A,12A
271210105,13A,12A
271210110,13A,12B
271210115,13A,12B
271210120,13A,12B
271210125,13A,12A
271210130,13A,12B
271210135,13A,12A
271210140,13A,12B
271210145,13A,12B
271210150,13A,12A
270670005,13A,17B
270670020,13A,17B
270670025,13A,17B
270670070,13A,17B
270670085,13A,17B
270670120,13A,17B
270670140,13A,17B
270670150,13A,17B
270670165,13A,17B
271210022,13A,12B
271210005,13A,12B
271210010,13A,12B
271210015,13A,12A
271210020,13A,12A
271210025,13A,12B
271210030,13A,12A
271210035,13A,12A
271210040,13A,12B
271210045,13A,12B
271210050,13A,12B
271210055,13A,12B
271210060,13A,12B
271450005,13A,12B
271450010,13A,12B
271450015,13A,12B
271450030,13A,12B
271450040,13A,12B
271450060,13A,12B
271450065,13A,12B
271450080,13A,12B
271450095,13A,12B
271450100,13A,12B
271450200,13A,12B
271450205,13A,12B
271450225,13A,12B
271450250,13A,12B
271450399,13A,12B
271450400,13A,12B
271450404,13A,12B
271450420,13A,12B
271450430,13A,12B
271450434,13A,12B
271450435,13A,12B
270670010,13B,17B
270670015,13B,17A
270670030,13B,17B
270670035,13B,17B
270670040,13B,17A
270670045,13B,17B
270670050,13B,17B
270670055,13B,17B
270670060,13B,17B
270670065,13B,17A
270670075,13B,17B
270670080,13B,17B
270670090,13B,17B
270670095,13B,17A
270670100,13B,17A
270670105,13B,17B
270670110,13B,17B
270670115,13B,17B
270670125,13B,17B
270670130,13B,17A
270670135,13B,17A
270670145,13B,17A
270670155,13B,17B
270670160,13B,17B
270670170,13B,17B
270670175,13B,17B
270670180,13B,17B
270670185,13B,17B
270670190,13B,17B
270670195,13B,17B
270670200,13B,17B
270670205,13B,17B
270670210,13B,17B
270670215,13B,17B
270670220,13B,17B
270670225,13B,17B
270670230,13B,17B
270670235,13B,17B
270090040,14A,15B
270090067,14A,15B
270090030,14A,15B
270090045,14A,15B
270090055,14A,14B
270090060,14A,15B
270090086,14A,14B
270090095,14A,13B
270090100,14A,13B
270090105,14A,13B
270090110,14A,13B
270090111,14A,13B
270090112,14A,13B
270090113,14A,13B
270090114,14A,13B
270090115,14A,13B
270090117,14A,13B
270090120,14A,15B
271450115,14A,13B
271450120,14A,13B
271450145,14A,13B
271450317,14A,14A
271450416,14A,13B
271450035,14A,13B
271450419,14A,13B
271450405,14A,13B
271450411,14A,13B
271450415,14A,13B
271450418,14A,13B
271450417,14A,13B
271450414,14A,13B
271450125,14B,13A
271450150,14B,13A
271450155,14B,13A
271450160,14B,13A
271450190,14B,13A
271450042,14B,13A
271450020,14B,13A
271450025,14B,13B
271450045,14B,13A
271450050,14B,13A
271450055,14B,13A
271450070,14B,13A
271450075,14B,13A
271450085,14B,13A
271450090,14B,12B
271450210,14B,13A
271450215,14B,13A
271450230,14B,13A
271450245,14B,13A
271450380,14B,13A
271450410,14B,13B
271450443,14B,13A
271450445,14B,13A
271450450,14B,13A
271450455,14B,13A
271450385,14B,13A
271450390,14B,13A
271450235,15A,13A
271450237,15A,13A
271450255,15A,14A
271450275,15A,14A
271450290,15A,14A
271450295,15A,14A
271450305,15A,14A
271450307,15A,14A
271450310,15A,14A
271450312,15A,14A
271450315,15A,14B
271450330,15A,14A
271450355,15A,14A
271450360,15A,14A
271450365,15A,14A
271450370,15A,14A
271450440,15A,14A
271450441,15A,14A
271450442,15A,14A
271450162,15A,13A
270090056,15B,14B
270090070,15B,14B
270090075,15B,14B
270090080,15B,14B
270090085,15B,14B
271410065,15B,14B
271410090,15B,14B
271410095,15B,14B
271410100,15B,14B
271450260,15B,14B
271450265,15B,14B
271450270,15B,14B
271450280,15B,14B
271450285,15B,14B
271450300,15B,14B
271450320,15B,14B
271450322,15B,14B
271450325,15B,14B
271450335,15B,14B
271450340,15B,14B
271450345,15B,14B
271450350,15B,14A
270090005,16A,15B
270090010,16A,15B
270090015,16A,15B
270090020,16A,15B
270090025,16A,15B
270090035,16A,15B
270090050,16A,15B
270090090,16A,15B
270950005,16A,15A
270950010,16A,15A
270950015,16A,15A
270950020,16A,15A
270950025,16A,15A
270950030,16A,15A
270950035,16A,15A
270950040,16A,15A
270950045,16A,15A
270950050,16A,15A
270950055,16A,15A
270950060,16A,15A
270950065,16A,15A
270950070,16A,15A
270950075,16A,15A
270950080,16A,15A
270950085,16A,15A
270950090,16A,15A
270950095,16A,15A
270950100,16A,15A
270950105,16A,15A
270950110,16A,15A
270950115,16A,15A
270950120,16A,15A
270950125,16A,15A
270970080,16A,09B
270970095,16A,09B
270970100,16A,09B
270970105,16A,15B
270970110,16A,09B
270970115,16A,09B
270970140,16A,15B
270970155,16A,09B
270970200,16A,09B
271410005,16A,15A
271410085,16A,15A
271410125,16A,15A
271410010,16B,15B
271410015,16B,15B
271410020,16B,30A
271410022,16B,30A
271410025,16B,30A
271410030,16B,15A
271410035,16B,15B
271410040,16B,15B
271410050,16B,30A
271410070,16B,31A
271410075,16B,15B
271410080,16B,15B
271410105,16B,15B
271410110,16B,31A
271410111,16B,31A
271410121,16B,30A
271410150,16B,31A
271410120,16B,30A
271410024,16B,30A
270037010,17A,31A
270037020,17A,31A
270250060,17A,32A
270250035,17A,32A
270250045,17A,32A
270590010,17A,31A
270590020,17A,32A
270590022,17A,32A
270590025,17A,32A
270590035,17A,32A
270590040,17A,32A
270590050,17A,32A
270590055,17A,32A
270590060,17A,31A
270590065,17A,32A
270590075,17A,31A
270590080,17A,32A
270590005,17A,31A
270590057,17A,31A
270250095,17B,32B
270250065,17B,32B
270250066,17B,32B
270250070,17B,32A
270250075,17B,32A
270250080,17B,39A
270250085,17B,32B
270250090,17B,32B
270250100,17B,32B
270250105,17B,32B
270250106,17B,32B
270250005,17B,32B
270250015,17B,32B
270250020,17B,32B
270250021,17B,32B
270250040,17B,39A
270250047,17B,32A
270250050,17B,32B
270250030,17B,32B
270250055,17B,32B
270250025,17B,32B
270850005,18A,18A
270850010,18A,18B
270850015,18A,18B
270850020,18A,18B
270850025,18A,18B
270850030,18A,18B
270850035,18A,18B
270850040,18A,18B
270850045,18A,18B
270850050,18A,18B
270850055,18A,18B
270850060,18A,18B
270850065,18A,18B
270850070,18A,18B
270850075,18A,18A
270850080,18A,18A
270850095,18A,18A
270850100,18A,18B
270850105,18A,18A
270850110,18A,18B
270850115,18A,18B
270850120,18A,18B
270850125,18A,18B
270850130,18A,18B
270850135,18A,18B
270850140,18A,18B
270850145,18A,18B
270850150,18A,18B
270930010,18A,18A
270930015,18A,18A
270930020,18A,18A
270930005,18B,18A
270930025,18B,18A
270930030,18B,18A
270930035,18B,18A
270930040,18B,18A
270930045,18B,18A
270930050,18B,18A
270930055,18B,18A
270930060,18B,18A
270930065,18B,18A
270930070,18B,18A
270930075,18B,18A
270930080,18B,18A
270930085,18B,18A
270930090,18B,18A
270930095,18B,18A
270930100,18B,18A
270930105,18B,18A
270930110,18B,18A
270930115,18B,18A
270930120,18B,18A
270930125,18B,18A
270930130,18B,18A
270930135,18B,18A
270930140,18B,18A
270930145,18B,18A
270930150,18B,18A
271710015,18B,29A
271710055,18B,18A
271710060,18B,18A
271710065,18B,29A
271710090,18B,29A
271710100,18B,29A
271710120,18B,29A
271710165,18B,29A
271710170,18B,29A
271710175,18B,29A
271710050,19A,15B
271710010,19A,29A
271710020,19A,29B
271710025,19A,29B
271710030,19A,29B
271710031,19A,29B
271710035,19A,29B
271710040,19A,29A
271710045,19A,15B
271710105,19A,29B
271710110,19A,29B
271710115,19A,29A
271710125,19A,29B
271710130,19A,29B
271710160,19A,29B
271710137,19B,29A
270532695,19B,29A
271710101,19B,29A
271710005,19B,30B
271710075,19B,29A
271710085,19B,29A
271710096,19B,29A
271710135,19B,29A
271710140,19B,30B
271710145,19B,29A
271710150,19B,29A
271710155,19B,30B
271710156,19B,30B
271710180,19B,29A
271710185,19B,29A
271710190,19B,29A
270110005,20A,12A
270110010,20A,12A
270110015,20A,12A
270110020,20A,12A
270110025,20A,12A
270110030,20A,12A
270110031,20A,12A
270110035,20A,12A
270110040,20A,12A
270110045,20A,12A
270110050,20A,12A
270110055,20A,12A
270110056,20A,12A
270110060,20A,12A
270110065,20A,12A
270110070,20A,12A
270110075,20A,12A
270110080,20A,12A
270110085,20A,12A
270110086,20A,12A
270110090,20A,12A
270110095,20A,12A
270110100,20A,12A
270730005,20A,16A
270730010,20A,16A
270730015,20A,16A
270730020,20A,16A
270730025,20A,16A
270730030,20A,16A
270730035,20A,16A
270730040,20A,16A
270730045,20A,16A
270730060,20A,16A
270730065,20A,16A
270730070,20A,16A
270730075,20A,16A
270730080,20A,16A
270730085,20A,16A
270730090,20A,16A
270730095,20A,16A
270730110,20A,16A
270730115,20A,16A
270730120,20A,16A
270730125,20A,16A
270730130,20A,16A
270730135,20A,16A
270730140,20A,16A
270730145,20A,16A
270730150,20A,16A
270730155,20A,16A
270730160,20A,16A
270730165,20A,16A
270810005,20A,22A
270810010,20A,22A
270810015,20A,22A
270810020,20A,22A
270810025,20A,22A
270810030,20A,22A
270810035,20A,22A
270810040,20A,22A
270810045,20A,22A
270810050,20A,22A
270810055,20A,22A
270810060,20A,22A
270810065,20A,22A
270810070,20A,22A
270810075,20A,22A
270810080,20A,22A
270810085,20A,22A
270810090,20A,22A
270810095,20A,22A
270810100,20A,22A
271730035,20A,16A
271730040,20A,16A
271730065,20A,16A
271730095,20A,16A
271730100,20A,16A
271730105,20A,16A
271730110,20A,16A
271730115,20A,16A
271730125,20A,16A
271510005,20A,17A
271510007,20A,17A
271510010,20A,17A
271510015,20A,17A
271510020,20A,17A
271510025,20A,17A
271510030,20A,17A
271510035,20A,17A
271510040,20A,17A
271510045,20A,17A
271510050,20A,17A
271510055,20A,17A
271510060,20A,17A
271510065,20A,17A
271510070,20A,17A
271510075,20A,17A
271510080,20A,17A
271510085,20A,17A
271510090,20A,17A
271510095,20A,17A
271510100,20A,17A
271510105,20A,17A
271510110,20A,17A
271510115,20A,17A
271510120,20A,17A
271510125,20A,17A
271510130,20A,17A
271510135,20A,17A
271510140,20A,17A
271510145,20A,17A
271510150,20A,17A
271730005,20A,16A
271730010,20A,16A
271730015,20A,16A
271730145,20A,16A
271730150,20A,16A
271730155,20A,16A
270230005,20B,17A
270230010,20B,17A
270230015,20B,17A
270230020,20B,17A
270230025,20B,17A
270230030,20B,17A
270230035,20B,17A
270230040,20B,17A
270230045,20B,17A
270230050,20B,17A
270230055,20B,17A
270230060,20B,17A
270230065,20B,17A
270230070,20B,17A
270230075,20B,17A
270230090,20B,17A
270230105,20B,17A
270230110,20B,17A
270230115,20B,17A
270230120,20B,17A
270230125,20B,17A
270230130,20B,17A
270230135,20B,17A
271730045,20B,16A
271730050,20B,16A
271730070,20B,16A
271730075,20B,16A
271730080,20B,16A
271730085,20B,16A
271730090,20B,16A
271730120,20B,16A
271730130,20B,16A
271730135,20B,16A
271730140,20B,16A
271290005,20B,17A
271290010,20B,16B
271290015,20B,16B
271290020,20B,17A
271290025,20B,17A
271290030,20B,17A
271290035,20B,17A
271290040,20B,17A
271290045,20B,17A
271290050,20B,17A
271290055,20B,17A
271290060,20B,17A
271290065,20B,17A
271290070,20B,17A
271290075,20B,17A
271290080,20B,17A
271290085,20B,16B
271290090,20B,17A
271290095,20B,17A
271290100,20B,17A
271290105,20B,17A
271290110,20B,17A
271290115,20B,17A
271290120,20B,17A
271290125,20B,16B
271290130,20B,17A
271290135,20B,17A
271290140,20B,17A
271290145,20B,17A
271290150,20B,17A
271290155,20B,17A
271290160,20B,17A
271290165,20B,17A
271290170,20B,17A
271290175,20B,17A
271290180,20B,17A
271290185,20B,17A
271730020,20B,16A
271730025,20B,16A
271730030,20B,16A
271730160,20B,16A
271730165,20B,16A
271290152,20B,16B
270830005,21A,22A
270830010,21A,22A
270830015,21A,16A
270830020,21A,22A
270830025,21A,16A
270830030,21A,22A
270830035,21A,16A
270830040,21A,16A
270830045,21A,22A
270830050,21A,22A
270830055,21A,16A
270830060,21A,16A
270830065,21A,16A
270830070,21A,16A
270830075,21A,16A
270830080,21A,16A
270830085,21A,16A
270830090,21A,22A
270830095,21A,16A
270830105,21A,16A
270830115,21A,16A
270830125,21A,16A
270830130,21A,22A
270830135,21A,16A
270830140,21A,22A
270830145,21A,22A
270830150,21A,22A
270830155,21A,22A
270830160,21A,16A
270830165,21A,16A
270830170,21A,22A
270830180,21A,16A
270830185,21A,16A
271270005,21A,16B
271270025,21A,16B
271270030,21A,16B
271270035,21A,16A
271270040,21A,16B
271270045,21A,16B
271270050,21A,16B
271270055,21A,16B
271270070,21A,16B
271270075,21A,16A
271270090,21A,16B
271270105,21A,16B
271270110,21A,16B
271270115,21A,16B
271270120,21A,16B
271270125,21A,16B
271270140,21A,16B
271270145,21A,16B
271270150,21A,16B
271270165,21A,16B
271270175,21A,16A
271270180,21A,16B
271270185,21A,16A
271270190,21A,16A
271270195,21A,16B
271270210,21A,16B
271270215,21A,16A
270150005,21B,16B
270150010,21B,16B
270150015,21B,16B
270150020,21B,16B
270150025,21B,16B
270150030,21B,16B
270150035,21B,16B
270150040,21B,16B
270150045,21B,16B
270150050,21B,16B
270150055,21B,16B
270150060,21B,16B
270150065,21B,16B
270150070,21B,16B
270150075,21B,16B
270150080,21B,16B
270150085,21B,16B
270150090,21B,16B
270150095,21B,16B
270150100,21B,16B
270150105,21B,16B
270150110,21B,16B
270150115,21B,16B
270150120,21B,16B
270150125,21B,16B
270150130,21B,16B
270150135,21B,16B
270150140,21B,16B
270150145,21B,16B
270150150,21B,16B
270150155,21B,16B
270150160,21B,16B
271270010,21B,16B
271270015,21B,16B
271270020,21B,16B
271270060,21B,22B
271270065,21B,22B
271270080,21B,16B
271270085,21B,16B
271270095,21B,22B
271270130,21B,22B
271270135,21B,16B
271270155,21B,22B
271270160,21B,16B
271270170,21B,16B
271270200,21B,22B
271270205,21B,16B
271270220,21B,16B
271650005,21B,23A
271650015,21B,23A
271650020,21B,23A
271650025,21B,23A
271650035,21B,23B
271650050,21B,23B
271650060,21B,23B
271650065,21B,23B
271650085,21B,23B
271050005,22A,22B
271050020,22A,22B
271050025,22A,22B
271050030,22A,22B
271050035,22A,22B
271050040,22A,22B
271050045,22A,22B
271050050,22A,22B
271050055,22A,22B
271050060,22A,22B
271050070,22A,22B
271050075,22A,22B
271330075,22A,22A
271330055,22A,22A
271010045,22A,22A
271010046,22A,22A
271010050,22A,22A
271010055,22A,22A
271010060,22A,22A
271010065,22A,22A
271010070,22A,22A
271010075,22A,22A
271010080,22A,22A
271010085,22A,22A
271010090,22A,22A
271010095,22A,22A
271010100,22A,22A
271010105,22A,22A
271010110,22A,22A
271010115,22A,22A
271010120,22A,22A
271010125,22A,22A
271010130,22A,22A
271010135,22A,22A
271010140,22A,22A
271050080,22A,22A
271050085,22A,22B
271050090,22A,22B
271050095,22A,22B
271050105,22A,22B
271050110,22A,22B
271050120,22A,22B
271050125,22A,22B
271050130,22A,22B
271050135,22A,22B
271050140,22A,22B
271050145,22A,22A
271010005,22A,22A
271010010,22A,22A
271010015,22A,22A
271010020,22A,22A
271010025,22A,22A
271010030,22A,22A
271010035,22A,22A
271010040,22A,22A
271330080,22A,22A
271330085,22A,22A
271330090,22A,22A
271330095,22A,22A
271330100,22A,22A
271330105,22A,22A
271330110,22A,22A
271330115,22A,22A
271170005,22A,22A
271170010,22A,22A
271170015,22A,22A
271170020,22A,22A
271170025,22A,22A
271170030,22A,22A
271170035,22A,22A
271170040,22A,22A
271170045,22A,22A
271170050,22A,22A
271170055,22A,22A
271170060,22A,22A
271170065,22A,22A
271170070,22A,22A
271170075,22A,22A
271170080,22A,22A
271170100,22A,22A
271170105,22A,22A
271170110,22A,22A
271170115,22A,22A
271170120,22A,22A
271170125,22A,22A
271330005,22A,22A
271330010,22A,22A
271330015,22A,22A
271330020,22A,22A
271330025,22A,22A
271330030,22A,22A
271330035,22A,22A
271330040,22A,22A
271330045,22A,22A
271330050,22A,22A
271330060,22A,22A
271330065,22A,22A
271330070,22A,22A
271330077,22A,22A
270630135,22B,22B
270630140,22B,22B
270630145,22B,22B
270630150,22B,23A
270330005,22B,22B
270330010,22B,22B
270330015,22B,22B
270330020,22B,22B
270330025,22B,22B
270330030,22B,22B
270330035,22B,22B
270330040,22B,22B
270330045,22B,22B
270330050,22B,22B
270330055,22B,22B
270330060,22B,22B
270330065,22B,22B
270330070,22B,22B
270330075,22B,22B
270330085,22B,22B
270330090,22B,22B
270330095,22B,22B
270330100,22B,22B
270330105,22B,22B
270330110,22B,22B
270330115,22B,22B
270330120,22B,22B
270330125,22B,22B
270330130,22B,22B
270330135,22B,22B
270330140,22B,22B
270330145,22B,22B
271050010,22B,22B
271050015,22B,22B
271050065,22B,22B
270630005,22B,22B
270630010,22B,23A
270630015,22B,23A
270630020,22B,23A
270630025,22B,22B
270630030,22B,23A
270630035,22B,23A
270630040,22B,22B
270630045,22B,22B
270630050,22B,22B
270630055,22B,23A
270630060,22B,23A
270630065,22B,23A
270630070,22B,23A
270630075,22B,23A
270630080,22B,23A
270630085,22B,22B
270630090,22B,22B
270630095,22B,22B
270630100,22B,23A
270630105,22B,23A
270630110,22B,22B
270630115,22B,23A
270630120,22B,22B
270630125,22B,22B
270630130,22B,22B
271050100,22B,22B
271050115,22B,22B
271050150,22B,22B
271050155,22B,22B
271050160,22B,22B
271050165,22B,22B
271050166,22B,22B
271050170,22B,22B
271050175,22B,22B
271050180,22B,22B
271050185,22B,22B
271050186,22B,22B
271050190,22B,22B
271030130,23A,19A
271030135,23A,19A
271030140,23A,19A
271030145,23A,19A
271030005,23A,19A
271030010,23A,19A
271030015,23A,19A
271030020,23A,19A
271030025,23A,19A
271030030,23A,19A
271030035,23A,19A
271030040,23A,19A
271030045,23A,19A
271030050,23A,19A
271030055,23A,19A
271030060,23A,19A
271030065,23A,19A
271030075,23A,19A
271030080,23A,19A
271030085,23A,19A
271030090,23A,19A
271030095,23A,19A
271030100,23A,19A
271030105,23A,19A
271030106,23A,19A
271030107,23A,19A
271030108,23A,19A
271030109,23A,19A
271030110,23A,19A
271030115,23A,19A
271030120,23A,19A
271030125,23A,19A
271430005,23A,18B
271430020,23A,18B
271430025,23A,18B
271430030,23A,18B
271430040,23A,18B
271430045,23A,18B
271430050,23A,18B
271430080,23A,18B
271430085,23A,18B
271430100,23A,18B
271430105,23A,18B
271430110,23A,18B
271430120,23A,18B
270130213,23B,19A
270130075,23B,19A
270130100,23B,19A
270130105,23B,19A
270130106,23B,19A
270130110,23B,19B
270130115,23B,19B
270130120,23B,19B
270130125,23B,19B
270130130,23B,19B
270130135,23B,19B
270130240,23B,19B
270130140,23B,19A
270130145,23B,19B
270130150,23B,19A
270130155,23B,19B
270130160,23B,19B
270130165,23B,19B
270130170,23B,19B
270130175,23B,19B
270130180,23B,19B
270130185,23B,19A
271030070,23B,19A
270130195,23B,19B
270430120,24A,23A
270430125,24A,23A
270430140,24A,23A
270430160,24A,23A
270430165,24A,23A
270430010,24A,23A
270430015,24A,23A
270430020,24A,23A
270430025,24A,23A
270430065,24A,23A
270430070,24A,23A
270430090,24A,23A
270910005,24A,23A
270910010,24A,23A
270910015,24A,23A
270910020,24A,23A
270910025,24A,23A
270910030,24A,23A
270910035,24A,23A
270910040,24A,23A
270910050,24A,23A
270910055,24A,23A
270910065,24A,23A
270910070,24A,23A
270910080,24A,23A
270910085,24A,23A
270910095,24A,23A
270910100,24A,23A
270910105,24A,23A
270910110,24A,23A
270910115,24A,23A
270910120,24A,23A
270910125,24A,23A
270910130,24A,23A
270910135,24A,23A
270910140,24A,23A
270910145,24A,23A
270910150,24A,23A
270910155,24A,23A
270910160,24A,23A
270910165,24A,23A
270910170,24A,23A
270910175,24A,23A
270910180,24A,23A
270910185,24A,23A
270910195,24A,23A
270910200,24A,23A
270910205,24A,23A
270910210,24A,23A
271650010,24A,23A
271650030,24A,23B
271650040,24A,23A
271650045,24A,23A
271650070,24A,23A
271650075,24A,23A
271650080,24A,23A
271650090,24A,23B
271650095,24A,23B
271650110,24A,23B
271650125,24A,23B
271650135,24A,23A
270130030,24B,23B
270430130,24B,23A
270430135,24B,23A
270430145,24B,23A
270430150,24B,27A
270430155,24B,27A
270130005,24B,23B
270130010,24B,23B
270130015,24B,23B
270130020,24B,23B
270130025,24B,23B
270130035,24B,23B
270130040,24B,19B
270130045,24B,23B
270130050,24B,23B
270130055,24B,23B
270130060,24B,23B
270130065,24B,23B
270130070,24B,23B
270130080,24B,23B
270130085,24B,23B
270130090,24B,23B
270130095,24B,23B
270130230,24B,23B
270130235,24B,23B
270130245,24B,23B
270130250,24B,23B
270130255,24B,23B
270130260,24B,23B
270130200,24B,23B
270130205,24B,23B
270130210,24B,23B
270130212,24B,23B
270130215,24B,23B
270130220,24B,23B
270130225,24B,23B
270430005,24B,23A
270430030,24B,23A
270430035,24B,23A
270430040,24B,27A
270430045,24B,23A
270430050,24B,23A
270430055,24B,27A
270430060,24B,23A
270430075,24B,23A
270430080,24B,27A
270430085,24B,23A
270430095,24B,27A
270430100,24B,27A
270430105,24B,23A
270430110,24B,23A
270430115,24B,23A
271610005,24B,23B
271610015,24B,23B
271610020,24B,23B
271610025,24B,23B
271610030,24B,23B
271610035,24B,23B
271610045,24B,23B
271610050,24B,23B
271610055,24B,23B
271610060,24B,23B
271610065,24B,23B
271610070,24B,23B
271610075,24B,23B
271610110,24B,23B
270790087,25A,19A
270790005,25A,20A
270790010,25A,20A
270790015,25A,20B
270790020,25A,20A
270790025,25A,23B
270790030,25A,23B
270790032,25A,23B
270790035,25A,20B
270790040,25A,19A
270790045,25A,20A
270790050,25A,20B
270790055,25A,20B
270790062,25A,20B
270790065,25A,20A
270790075,25A,20A
270790080,25A,20A
270790085,25A,20A
270790090,25A,20B
270790100,25A,20B
270790105,25A,20A
270790110,25A,20A
270790115,25A,20A
270790120,25A,20A
270790125,25A,20A
270790130,25A,23B
270790140,25A,23B
271390015,25A,20A
271390075,25A,20A
271430082,25A,18B
271430010,25A,18B
271430015,25A,18B
271430035,25A,18B
271430055,25A,18B
271430060,25A,18B
271430065,25A,18B
271430070,25A,18B
271430075,25A,18B
271430090,25A,18B
271430095,25A,18B
271430115,25A,18B
271310005,25B,20B
271310012,25B,20B
271310015,25B,20B
271310020,25B,20B
271310055,25B,20B
271310060,25B,20B
271310075,25B,24B
271310080,25B,20B
271310085,25B,20B
271310090,25B,20B
271310095,25B,20B
271310105,25B,20B
271310110,25B,20B
271310113,25B,20B
271310114,25B,20B
271310115,25B,20B
271310125,25B,20B
271310140,25B,20B
271310150,25B,20B
271310155,25B,24B
271390005,25B,20A
271390010,25B,20A
271390020,25B,20A
271390040,25B,20A
271470025,26A,24A
271470030,26A,24A
271470045,26A,24A
271470060,26A,24A
271470070,26A,24A
271470075,26A,24A
271470085,26A,24A
271470090,26A,24A
271470100,26A,24A
271470105,26A,24A
271470115,26A,24A
271470120,26A,24A
271470130,26A,24A
271470135,26A,24A
271470145,26A,24A
271610010,26A,24A
271610080,26A,24A
271610085,26A,24A
271610090,26A,24A
271610095,26A,24A
271610100,26A,24A
271610105,26A,24A
271610115,26A,24A
271310130,26B,24B
271310010,26B,24B
271310025,26B,24B
271310030,26B,24B
271310035,26B,24B
271310040,26B,24B
271310045,26B,24B
271310050,26B,24B
271310065,26B,24B
271310070,26B,24B
271310120,26B,24B
271310135,26B,24B
271310145,26B,24B
271470005,26B,24B
271470010,26B,24B
271470015,26B,27A
271470020,26B,24B
271470035,26B,24B
271470040,26B,24B
271470050,26B,24B
271470055,26B,24B
271470065,26B,24B
271470150,26B,24B
271470155,26B,24B
270470135,27A,27A
270470140,27A,27A
270470145,27A,27A
270470150,27A,27A
270470155,27A,27A
270470160,27A,27B
270470165,27A,27A
270470170,27A,27A
270470175,27A,27A
270470180,27A,27A
270470185,27A,27B
270470190,27A,27A
270470195,27A,27A
270470200,27A,27A
270470205,27A,27A
270470210,27A,27A
270470215,27A,27A
270470220,27A,27A
270470005,27A,27A
270470015,27A,27A
270470025,27A,27A
270470035,27A,27A
270470045,27A,27A
270470050,27A,27A
270470060,27A,27A
270470061,27A,27A
270470065,27A,27A
270470070,27A,27A
270470075,27A,27A
270470080,27A,27A
270470085,27A,27A
270470090,27A,27A
270470095,27A,27A
270470100,27A,27A
270470105,27A,27A
270470110,27A,27A
270470115,27A,27A
270470120,27A,27A
270470125,27A,27A
270470130,27A,27A
270990005,27A,27B
270990010,27A,27B
270990100,27A,27B
270990140,27A,27B
270990145,27A,27B
270990155,27A,27B
270990160,27A,27B
270990185,27A,27B
270990220,27A,27B
270450060,27B,28B
270450095,27B,28B
270450175,27B,28B
270450180,27B,28B
270450190,27B,28B
270990015,27B,27B
270990020,27B,27B
270990030,27B,27B
270990035,27B,27B
270990050,27B,27B
270990055,27B,27B
270990070,27B,27B
270990075,27B,27B
270990080,27B,27B
270990085,27B,27B
270990090,27B,27B
270990095,27B,27B
270990105,27B,27B
270990110,27B,27B
270990115,27B,27B
270990120,27B,27B
270990125,27B,27B
270990130,27B,27B
270990135,27B,27B
270990150,27B,27B
270990165,27B,27B
270990170,27B,27B
270990175,27B,27B
270990180,27B,27B
270990190,27B,27B
270990195,27B,27B
270990200,27B,27B
270990205,27B,27A
270990210,27B,27B
270990215,27B,27B
271570060,28A,21A
271570065,28A,21A
271570070,28A,21A
271570075,28A,21A
271570105,28A,21A
271570115,28A,21A
270490010,28A,21A
270490015,28A,21A
270490020,28A,21A
270490025,28A,21A
270490030,28A,21A
270490045,28A,21A
270490050,28A,21A
270490055,28A,21A
270490060,28A,21A
270490065,28A,21A
270490085,28A,21A
270490110,28A,21A
270490115,28A,21A
270490120,28A,21A
270490125,28A,21A
270490130,28A,21A
270490135,28A,21A
270490140,28A,21A
270490145,28A,21A
270490150,28A,21A
270490155,28A,21A
270490160,28A,21A
270490165,28A,21A
270490180,28A,21A
271570140,28A,21A
271570145,28A,21A
271570150,28A,21A
270490185,28A,21A
271690042,28B,21B
271570025,28B,21B
271570030,28B,21B
271570035,28B,21B
271570040,28B,21B
271570045,28B,21B
271570050,28B,21B
271570055,28B,21B
271570080,28B,21B
271570085,28B,21B
271570090,28B,21B
271570095,28B,21B
271570100,28B,21B
271570110,28B,21B
270490005,28B,21A
270490035,28B,21B
270490070,28B,21B
270490075,28B,21B
270490080,28B,21B
270490090,28B,21A
270490095,28B,21B
270490100,28B,21B
270490105,28B,21B
270490170,28B,21B
270490190,28B,21B
270490195,28B,21B
270490210,28B,21B
270490215,28B,21B
270490220,28B,21B
271570005,28B,21A
271570010,28B,21B
271570155,28B,21B
271570160,28B,21B
271570165,28B,21B
271570170,28B,21B
271690005,28B,21B
271690020,28B,21B
271690025,28B,21B
271690035,28B,21B
271690040,28B,21B
271690050,28B,28A
271690060,28B,28A
271690065,28B,21B
271690070,28B,21B
271690075,28B,21B
271690085,28B,21B
271690100,28B,21B
271690105,28B,21B
271690110,28B,21B
271690115,28B,21B
271690125,28B,28A
271690130,28B,28A
271690135,28B,28A
271690145,28B,21B
270390007,29A,27A
270390005,29A,24B
270390010,29A,25A
270390015,29A,24B
270390020,29A,24B
270390025,29A,21B
270390030,29A,25A
270390035,29A,24B
270390040,29A,27A
270390045,29A,27A
270390050,29A,25A
270390051,29A,25A
270390055,29A,25A
270390060,29A,25A
270390065,29A,25A
270390070,29A,24B
270390075,29A,27B
270390080,29A,25A
270390085,29A,21B
270390090,29A,27A
271090005,29A,25A
271090010,29A,25B
271090045,29A,26B
271090060,29A,25A
271090070,29A,25A
271090080,29A,25A
271090085,29A,25A
271090088,29A,25A
271090187,29A,25B
271090117,29A,25B
271090119,29A,25A
271090209,29A,25B
271090220,29A,26B
271090118,29A,25A
271090234,29A,25A
271090115,29B,25B
271090175,29B,25B
271090190,29B,25B
271090192,29B,25B
271090193,29B,25B
271090195,29B,25B
271090200,29B,25B
271090205,29B,25B
271090145,29B,25B
271090150,29B,25B
271090156,29B,25A
271090157,29B,25A
271090206,29B,25B
271090207,29B,25B
271090208,29B,25B
271090235,29B,25A
271090236,29B,25B
271090066,30A,26A
271090100,30A,26A
271090105,30A,26A
271090160,30A,26A
271090165,30A,26A
271090170,30A,26A
271090171,30A,26A
271090172,30A,26A
271090173,30A,26A
271090185,30A,26A
271090191,30A,26A
271090120,30A,26A
271090125,30A,26A
271090130,30A,26A
271090135,30A,26A
271090140,30A,26A
271090155,30A,26A
271090015,30B,26B
271090020,30B,26B
271090025,30B,26B
271090030,30B,26B
271090035,30B,26B
271090040,30B,26B
271090050,30B,26B
271090055,30B,26B
271090075,30B,26B
271090090,30B,26B
271090095,30B,26B
271090110,30B,26B
271090174,30B,26A
271090186,30B,26B
271090116,30B,26B
271090136,30B,26B
271090137,30B,26B
271090139,30B,26B
271090158,30B,26B
271090215,30B,26B
271090225,30B,26B
271090230,30B,26B
271090138,30B,26B
271570015,30B,21B
271570020,30B,21B
271570120,30B,21B
271570125,30B,21B
271570130,30B,21B
271090065,30B,26B
271090210,30B,26B
270550055,31A,28B
270550060,31A,28B
270550090,31A,28B
271690175,31A,28A
271690180,31A,28A
271690185,31A,28A
271690190,31A,28A
271690195,31A,28A
271690200,31A,28A
271690205,31A,28A
271690210,31A,28A
271690215,31A,28A
271690220,31A,28A
271690225,31A,28A
271690230,31A,28A
271690240,31A,28A
271690010,31A,28A
271690015,31A,28A
271690030,31A,28A
271690045,31A,28A
271690055,31A,28A
271690058,31A,28A
271690080,31A,28A
271690090,31A,28A
271690095,31A,28A
271690120,31A,28A
271690140,31A,28A
271690150,31A,28A
271690155,31A,28A
271690160,31A,28A
271690165,31A,28A
271690170,31A,28A
270450005,31B,28B
270450010,31B,28B
270450015,31B,28B
270450020,31B,28B
270450025,31B,28B
270450030,31B,28B
270450035,31B,28B
270450040,31B,28B
270450045,31B,28B
270450050,31B,28B
270450055,31B,28B
270450065,31B,28B
270450070,31B,28B
270450075,31B,28B
270450080,31B,28B
270450085,31B,28B
270450090,31B,28B
270450100,31B,28B
270450105,31B,28B
270450110,31B,28B
270450115,31B,28B
270450120,31B,28B
270450125,31B,28B
270450130,31B,28B
270450135,31B,28B
270450140,31B,28B
270450150,31B,28B
270450155,31B,28B
270450160,31B,28B
270450165,31B,28B
270450185,31B,28B
270450195,31B,28B
270550005,31B,28B
270550010,31B,28B
270550015,31B,28B
270550020,31B,28B
270550025,31B,28B
270550030,31B,28B
270550035,31B,28B
270550040,31B,28B
270550045,31B,28B
270550050,31B,28B
270550065,31B,28B
270550070,31B,28B
270550075,31B,28B
270550076,31B,28B
270550080,31B,28B
270550085,31B,28B
270550095,31B,28B
270550100,31B,28B
270550105,31B,28B
270550110,31B,28B
270550115,31B,28B
270550120,31B,28B
270550125,31B,28B
270550130,31B,28B
270530500,32A,33A
270530505,32A,33A
270530640,32A,34A
270530645,32A,34A
270530650,32A,34A
270531050,32A,33A
270531080,32A,30B
270531100,32A,34A
270531215,32A,34A
270531220,32A,34A
270531270,32A,34B
270531280,32A,34A
270531285,32A,34A
270531295,32A,34B
270532710,32A,34A
270532715,32A,34A
270531275,32A,34A
270531290,32A,34B
271710070,32A,30B
271710095,32A,30B
270531190,32B,34B
270531195,32B,34A
270531200,32B,34A
270531205,32B,34A
270531210,32B,34A
270531225,32B,34B
270531230,32B,34B
270531235,32B,34B
270531240,32B,34B
270531245,32B,34B
270531250,32B,34B
270531255,32B,34B
270531260,32B,34B
270531265,32B,34B
270531300,32B,34B
270532385,32B,34B
270531355,33A,33A
270531150,33A,33A
270531170,33A,33A
270531335,33A,33A
270531350,33A,33A
270532240,33A,33A
270532245,33A,33A
270532250,33A,33B
270532255,33A,33B
270532260,33A,33B
270532270,33A,33B
270532275,33A,33B
270532420,33A,44A
270532430,33A,44A
270532440,33A,44B
270532445,33A,44A
270532755,33A,33B
270532780,33A,33A
270530675,33B,33B
270530680,33B,33B
270530965,33B,33B
270531065,33B,33B
270531160,33B,33A
270532160,33B,44B
270532180,33B,48A
270532190,33B,48A
270532195,33B,48A
270532230,33B,33B
270532355,33B,33A
270532360,33B,33B
270532365,33B,33A
270532370,33B,33A
270532720,33B,33B
270532725,33B,33B
270532730,33B,33B
270532735,33B,33B
270532740,33B,33B
270532900,33B,33B
270532910,33B,33A
270532925,33B,44B
270190005,34A,47A
270190010,34A,47A
270190015,34A,47A
270190047,34A,47B
270190065,34A,47A
270190070,34A,47A
270190075,34A,47A
270190080,34A,47A
270190085,34A,47A
270190090,34A,47A
270190095,34A,47A
270190100,34A,47A
270190105,34A,47A
270190110,34A,47A
270190115,34A,47B
270190117,34A,47B
270190120,34A,47A
270190125,34A,47A
270190130,34A,47A
270190135,34A,47A
270190140,34A,47A
270190150,34A,47A
271390045,34A,55A
271390060,34A,55A
271390099,34A,55B
270190020,34B,33B
270190025,34B,33B
270190030,34B,47B
270190035,34B,47B
270190036,34B,33B
270190037,34B,47B
270190038,34B,47B
270190040,34B,47B
270190043,34B,47B
270190045,34B,47B
270190050,34B,47B
270190055,34B,47B
270530485,34B,48A
270530490,34B,33B
271390080,35A,55B
271390084,35A,55B
271390090,35A,55B
271390091,35A,55B
271390092,35A,55B
271390093,35A,55B
271390094,35A,55B
271390097,35A,55B
271390119,35A,55A
271390120,35A,55A
271390125,35A,55A
271390130,35A,55A
271390135,35A,55A
271390136,35A,55A
271390137,35A,55A
271390138,35A,55A
271390145,35A,55A
271390150,35A,55A
271390153,35A,55A
271390156,35A,55A
271390025,35B,55B
271390037,35B,20A
271390050,35B,55B
271390055,35B,55B
271390070,35B,20A
271390100,35B,55B
271390110,35B,56A
271390111,35B,56A
271390112,35B,56A
271390113,35B,56A
271390114,35B,56A
271390116,35B,56A
271390117,35B,56A
271390160,35B,55B
270373000,36A,58A
270373010,36A,58A
270373030,36A,58A
270373040,36A,58A
270372920,36A,58A
270372930,36A,56B
270372940,36A,58A
270372950,36A,58A
270372960,36A,58A
270372970,36A,57A
270372980,36A,57A
270372990,36A,58A
270372220,36B,58B
270371410,36B,58B
270372010,36B,58B
270372910,36B,58A
270373020,36B,58A
270373210,36B,58B
270373510,36B,58B
270373610,36B,58B
270373810,36B,58B
270373910,36B,58B
270374010,36B,58B
270374110,36B,58B
270371510,36B,57B
270371610,36B,58B
270372110,36B,58B
270372210,36B,58B
270372230,36B,58B
270372240,36B,58B
270372250,36B,58B
270372260,36B,58B
270372310,36B,58B
270372410,36B,58B
270372510,36B,58B
270374310,36B,58B
270374610,36B,58B
270374710,36B,58B
270374810,36B,58B
270490040,36B,58B
270490175,36B,58B
270490200,36B,58B
270490205,36B,21A
270371010,37A,57A
270371020,37A,57A
270371030,37A,57A
270371040,37A,57A
270371050,37A,57B
270371060,37A,57A
270371140,37A,57A
270371150,37A,57B
270371160,37A,57A
270371330,37A,56B
270371340,37A,56B
270371350,37A,56B
270371360,37A,56B
270371070,37B,57B
270371080,37B,57B
270371090,37B,57B
270371100,37B,57B
270371110,37B,57A
270371120,37B,57A
270371130,37B,57A
270374210,37B,57B
270374220,37B,57B
270374230,37B,57B
270374240,37B,57B
270374250,37B,57B
270374255,37B,57B
270374260,37B,57B
270371260,38A,51A
270371290,38A,51A
270371300,38A,51A
270371720,38A,51A
270371740,38A,51A
270371750,38A,51A
270371760,38A,51A
270371770,38A,51A
270371820,38A,51B
270371830,38A,51A
270371840,38A,51A
270371730,38B,51B
270371780,38B,51B
270371790,38B,51B
270371800,38B,51B
270371810,38B,51B
270371850,38B,51B
270371860,38B,51B
270371870,38B,51B
270371880,38B,51B
270371890,38B,51B
270371900,38B,51B
270371910,38B,51B
270373110,39A,52A
270373310,39A,52A
270373410,39A,52A
270373420,39A,52A
270373430,39A,52B
270373440,39A,52B
270373450,39A,52B
270371710,39A,52B
270374410,39A,52A
270374910,39A,52A
270374920,39A,52A
270374930,39A,52A
270374940,39A,52A
270374950,39A,52A
270374960,39A,52A
270374970,39A,52A
270374980,39A,52A
270374990,39A,52A
270372710,39B,52B
270372720,39B,52B
270372730,39B,52B
270372740,39B,52B
270372750,39B,52B
270372760,39B,52B
270372770,39B,52B
270372780,39B,52B
270372790,39B,52B
270372800,39B,52B
270374420,39B,52A
270374430,39B,52A
270374510,39B,52B
270371210,40A,51A
270371220,40A,51A
270371230,40A,56A
270371240,40A,56B
270371250,40A,51A
270371270,40A,56A
270371280,40A,56B
270371310,40A,56B
270371320,40A,56B
270371370,40A,56A
271390105,40A,56A
270530005,40B,50B
270530010,40B,50B
270530015,40B,50B
270530020,40B,50B
270530025,40B,50B
270530030,40B,50B
270530035,40B,50B
270530036,40B,50B
270530040,40B,50B
270530065,40B,49B
270530070,40B,50B
270530080,40B,50B
270530130,40B,50B
270530132,40B,50B
270530850,41A,49A
270530855,41A,49A
270530860,41A,49A
270530865,41A,49A
270530870,41A,49A
270530875,41A,49A
270530880,41A,49A
270530885,41A,49A
270530890,41A,49A
270530895,41A,49A
270530900,41A,49A
270530905,41A,49A
270530920,41A,49A
270530930,41A,49A
270530935,41A,49A
270530045,41B,49B
270530050,41B,49B
270530055,41B,49B
270530060,41B,49B
270530071,41B,49B
270530085,41B,49B
270530090,41B,49B
270530095,41B,49B
270530105,41B,49B
270530106,41B,49B
270530910,41B,49B
270530915,41B,49B
270530925,41B,49B
270530940,41B,49B
270530945,41B,49B
270530690,42A,48A
270530695,42A,48A
270530700,42A,48A
270530705,42A,48A
270530710,42A,48A
270530720,42A,48A
270530725,42A,49B
270532090,42A,48A
270532095,42A,48A
270532100,42A,49B
270532105,42A,48A
270532175,42A,48A
270532200,42A,48A
270532205,42A,48A
270532210,42A,48A
270532215,42A,48A
270532220,42A,48A
270530715,42B,48A
270530730,42B,48B
270530735,42B,48B
270530740,42B,48B
270530745,42B,48B
270530750,42B,48B
270530755,42B,48B
270530760,42B,48B
270530765,42B,48B
270530770,42B,48B
270530775,42B,48B
270530780,42B,48B
270531345,43A,46A
270532400,43A,44A
270532405,43A,44A
270532410,43A,44A
270532415,43A,44A
270532425,43A,44A
270532435,43A,44A
270532450,43A,44B
270532470,43A,44A
270532475,43A,46A
270532480,43A,46A
270532490,43A,46A
270532495,43A,44A
270532505,43A,44A
270532510,43A,44A
270532110,43B,44B
270532115,43B,44B
270532120,43B,44B
270532125,43B,44B
270532130,43B,44B
270532135,43B,46B
270532140,43B,44B
270532145,43B,44B
270532150,43B,44B
270532155,43B,44B
270532165,43B,44B
270532170,43B,44B
270532185,43B,44B
270532455,43B,44B
270532460,43B,44B
270532465,43B,44B
270532485,43B,46A
270531110,44A,46B
270531115,44A,46B
270531120,44A,46B
270531125,44A,46B
270531130,44A,46B
270531135,44A,46B
270532805,44A,46B
270532815,44A,46B
270532820,44A,46B
270532825,44A,46B
270532830,44A,46B
270532835,44A,46B
270532840,44A,46B
270532845,44A,46B
270531000,44B,46A
270531010,44B,46A
270531015,44B,45B
270531020,44B,45B
270531025,44B,46A
270532790,44B,46A
270532795,44B,46A
270532800,44B,46A
270532810,44B,46A
270532850,44B,46A
270532855,44B,46A
270532860,44B,46A
270532865,44B,46A
270532870,44B,46A
270530555,45A,45A
270530575,45A,45A
270530590,45A,45A
270532290,45A,45A
270532295,45A,45B
270532300,45A,45A
270532305,45A,45A
270532310,45A,45A
270532315,45A,45A
270532320,45A,45A
270532325,45A,45A
270532330,45A,45A
270532335,45A,45A
270532500,45A,45A
270532515,45A,45A
270532520,45A,45A
270530550,45B,45B
270530560,45B,45B
270530565,45B,45B
270530570,45B,45A
270530585,45B,45A
270530985,45B,45B
270530990,45B,45B
270531005,45B,45B
270532336,45B,45A
270532645,45B,45B
270532655,45B,45B
270532665,45B,45B
270532675,45B,45B
270530300,46A,40A
270530305,46A,40A
270530310,46A,40A
270530315,46A,40A
270530320,46A,40A
270530325,46A,40A
270530330,46A,40A
270530395,46A,40A
270530400,46A,40A
270530405,46A,40A
270530415,46A,40A
270530420,46A,40A
270530200,46B,40B
270530205,46B,40B
270530210,46B,40B
270530215,46B,40B
270530220,46B,40B
270530225,46B,40B
270530230,46B,40B
270530345,46B,40B
270530350,46B,40B
270530355,46B,40B
270033210,47A,36A
270033220,47A,36A
270033820,47A,36A
270033830,47A,36A
270033850,47A,36A
270530450,47A,36A
270530455,47A,36A
270530460,47A,36A
270530465,47A,36A
270033610,47B,36B
270033620,47B,36B
270033640,47B,37A
270033810,47B,36B
270033840,47B,36B
270530335,47B,36B
270530340,47B,36B
270530360,47B,40A
270530365,47B,36B
270530370,47B,36B
270530375,47B,36B
270530380,47B,36B
270530390,47B,36B
270530425,47B,36B
270031410,48A,31A
270035910,48A,31A
270034210,48A,31B
270034220,48A,31B
270034230,48A,31B
270036030,48A,31A
270036020,48A,31A
271410045,48A,30A
271410055,48A,30A
271410060,48A,30A
271410130,48A,30A
271410135,48A,30A
271410140,48A,30A
271410145,48A,30A
270036010,48A,31A
270031210,48B,35A
270031220,48B,35A
270031230,48B,35A
270031240,48B,35A
270031250,48B,35A
270031260,48B,35A
270031270,48B,35A
270031280,48B,35A
270036210,48B,35A
270036220,48B,35B
270036410,48B,35A
270036420,48B,35A
270036610,48B,35A
270036620,48B,35A
270036810,48B,35A
270036820,48B,35A
270031010,49A,35B
270031020,49A,35B
270031040,49A,35B
270031050,49A,35B
270031060,49A,35B
270031070,49A,35B
270031080,49A,35B
270031090,49A,31B
270031100,49A,35B
270035010,49A,31B
270035020,49A,31B
270035030,49A,31B
270035040,49A,31B
270035050,49A,31B
270035060,49A,31B
270031030,49B,35B
270033230,49B,35B
270033240,49B,35B
270033410,49B,35B
270033420,49B,37A
270033430,49B,37A
270033440,49B,37A
270033630,49B,37A
270034010,49B,36B
270034020,49B,37A
270034030,49B,37A
270034040,49B,37A
270034050,49B,36B
270032810,50A,41B
270032820,50A,41B
270032830,50A,41B
270032840,50A,41B
270032850,50A,41B
270032860,50A,41B
270032870,50A,41B
270032880,50A,41B
270034430,50A,41A
270034440,50A,41A
270034640,50A,41A
270034810,50A,41A
270034820,50A,41A
270034830,50A,41A
270034840,50A,41A
270035210,50A,41B
271230530,50A,41B
270034650,50B,41A
271230010,50B,42A
271230020,50B,42A
271230030,50B,42A
271230040,50B,42A
271230330,50B,41B
271230340,50B,41B
271230350,50B,41A
271230360,50B,41A
271231640,50B,42A
270031630,51A,37B
270031670,51A,37A
270031680,51A,37B
270031810,51A,37B
270031820,51A,37B
270031840,51A,37B
270031850,51A,37A
270031860,51A,37A
270031870,51A,37B
270031872,51A,37B
270031875,51A,37B
270031880,51A,37B
270032010,51A,37B
270032020,51A,37B
270032040,51A,37B
270032050,51A,37B
270032060,51A,37B
270032070,51A,37B
270031640,51B,37A
270031650,51B,37A
270031660,51B,37A
270034410,51B,41A
270034420,51B,41A
270034610,51B,41A
270034620,51B,41A
270034630,51B,41A
270037210,51B,37A
270037220,51B,37A
270037230,51B,37A
271230050,51B,42A
271230290,51B,42A
271230300,51B,42A
271230310,51B,42A
271230320,51B,42A
271231650,51B,42A
270032410,52A,38A
270033010,52A,31B
270035610,52A,38A
270035620,52A,38A
270035810,52A,31B
271630125,52A,39A
271630130,52A,39A
271630135,52A,39A
271630137,52A,39A
271630138,52A,39A
271630165,52A,38A
271630293,52A,39A
271630050,52B,43A
271630115,52B,38B
271630140,52B,39B
271630160,52B,38B
271630167,52B,38A
271630170,52B,38B
271630205,52B,43A
271630206,52B,43A
271630210,52B,39A
271630215,52B,39A
271630270,52B,39B
271630298,52B,39B
271630306,52B,39B
271630310,52B,39B
271630316,52B,39A
271630318,52B,39A
271630326,52B,39B
271630328,52B,39A
271630340,52B,39A
271630355,52B,43A
271630360,52B,43A
270031610,53A,38A
270032610,53A,38A
270032620,53A,38A
270035410,53A,38A
270035630,53A,38A
270035640,53A,38A
270035650,53A,38A
270035660,53A,38A
270035670,53A,38A
271230370,53A,38B
271231610,53A,42A
271231620,53A,42A
271231630,53A,42A
271230380,53B,38B
271231700,53B,38B
271231710,53B,38B
271231720,53B,38B
271231730,53B,38B
271231740,53B,38B
271231750,53B,38B
271231760,53B,38B
271231770,53B,43A
271231780,53B,43A
270532765,54A,41B
270532770,54A,41B
271230090,54A,66A
271230430,54A,66A
271230440,54A,42B
271230470,54A,66A
271230480,54A,66A
271230490,54A,66A
271230500,54A,66A
271230510,54A,66A
271230520,54A,66A
271230080,54B,42B
271230100,54B,42B
271230110,54B,42B
271230120,54B,42B
271230450,54B,42B
271230460,54B,42B
271231580,54B,42B
271231590,54B,42B
271231600,54B,42B
271231660,54B,42B
271231670,54B,42B
271231680,54B,42B
271231690,54B,42B
271230160,55A,43A
271230230,55A,43B
271230130,55A,43A
271230170,55A,43A
271230180,55A,43A
271230190,55A,43A
271230200,55A,43A
271230210,55A,43A
271230220,55A,43B
271230150,55A,43A
271230390,55A,43B
271230400,55A,43B
271230410,55A,43B
271230420,55A,43B
271230140,55A,43A
271230240,55B,53A
271230250,55B,53A
271230260,55B,53A
271230270,55B,53A
271230280,55B,53A
271630235,55B,53A
271630240,55B,43B
271630245,55B,43B
271630250,55B,43B
271630255,55B,43B
271630260,55B,43B
271630262,55B,43B
271630263,55B,53A
271630035,56A,39B
271630045,56A,39B
271630175,56A,39B
271630180,56A,39B
271630185,56A,39B
271630190,56A,39B
271630195,56A,39B
271630265,56A,39B
271630266,56A,39B
271630296,56A,39B
271630308,56A,39B
271630350,56A,39B
271630375,56A,53B
271630380,56A,53B
271630385,56A,53B
271630430,56B,53B
271630420,56B,53B
271630200,56B,53A
271630365,56B,53A
271630370,56B,53A
271630390,56B,53A
271630395,56B,53A
271630400,56B,53A
271630405,56B,53B
271630410,56B,53B
271630415,56B,53B
271630435,56B,53B
271630425,56B,53B
271630291,57A,54A
270374440,57A,54A
270374450,57A,54A
271630060,57A,54A
271630065,57A,54A
271630070,57A,54A
271630075,57A,54A
271630080,57A,54A
271630085,57A,54A
271630090,57A,54A
271630150,57A,54A
271630220,57A,54A
271630225,57A,54A
271630280,57A,54A
271630285,57A,54A
271630290,57A,54A
270372620,57B,54B
270372630,57B,54B
270372635,57B,54B
270372640,57B,54B
270372645,57B,54B
270372650,57B,54B
270372660,57B,54B
270373710,57B,54B
270372610,57B,54B
271630006,57B,54B
271630011,57B,54B
271630016,57B,54B
271630021,57B,54B
271630055,57B,54B
271630095,57B,54A
271630100,57B,54B
271630105,57B,54B
271630110,57B,54B
271630120,57B,54B
271630155,57B,54B
271630275,57B,39B
270531490,58A,59A
270531505,58A,59A
270531510,58A,59A
270531515,58A,59A
270531520,58A,59A
270531525,58A,59A
270531530,58A,59A
270531535,58A,59A
270531540,58A,59A
270531545,58A,59A
270531550,58A,59A
270531560,58A,59A
270531495,58B,59A
270531500,58B,59A
270531555,58B,59B
270531565,58B,59B
270531570,58B,59B
270531575,58B,59B
270531580,58B,59B
270531585,58B,59B
270531590,58B,59B
270531595,58B,59B
270531600,58B,59A
270531670,58B,59B
270531675,58B,59B
270531695,58B,59B
270531360,59A,60A
270531365,59A,60A
270531370,59A,60A
270531375,59A,60A
270531380,59A,60A
270531385,59A,60A
270531395,59A,60A
270531400,59A,60A
270531405,59A,60A
270531475,59A,60A
270531480,59A,60A
270531485,59A,60A
270531390,59B,60A
270531420,59B,60B
270531425,59B,60B
270531430,59B,60B
270531435,59B,60B
270531440,59B,60B
270531445,59B,60B
270531450,59B,60B
270531455,59B,60B
270531456,59B,60B
270531460,59B,60B
270531465,59B,60B
270531470,59B,60B
270531855,60A,61A
270531645,60A,59B
270531650,60A,61A
270531655,60A,61A
270531660,60A,61A
270531665,60A,61A
270531680,60A,61A
270531685,60A,59B
270531690,60A,59B
270531805,60A,61A
270531810,60A,61A
270531820,60A,61B
270531850,60A,61A
270531860,60B,62B
270531865,60B,61B
270531730,60B,62B
270531815,60B,61A
270531830,60B,61B
270531835,60B,61B
270531840,60B,61B
270531960,60B,61A
270531965,60B,61A
270531970,60B,61A
270531975,60B,61A
270531980,60B,61B
270531990,60B,61B
270531610,61A,62A
270531615,61A,62A
270531620,61A,62A
270531625,61A,62A
270531630,61A,62A
270531635,61A,62A
270531640,61A,62A
270531760,61A,62A
270531765,61A,62A
270531795,61A,62A
270531800,61A,62A
270531605,61B,62A
270531700,61B,62B
270531705,61B,62B
270531710,61B,62B
270531715,61B,62B
270531720,61B,62B
270531725,61B,62B
270531745,61B,62B
270531770,61B,62B
270531780,61B,62B
270531825,61B,62B
270531845,61B,62B
270531905,62A,63A
270531910,62A,63A
270531915,62A,63A
270531920,62A,63A
270531935,62A,63A
270531410,62A,63A
270531415,62A,63A
270531750,62A,63A
270531755,62A,63A
270531775,62A,63A
270531785,62A,63A
270531790,62A,63A
270531940,62A,63A
270531870,62B,61B
270531880,62B,61B
270531885,62B,61B
270531890,62B,63B
270531895,62B,63B
270531900,62B,63B
270531925,62B,63B
270531930,62B,63B
270531735,62B,63A
270531740,62B,63A
270531945,62B,63B
270531950,62B,63B
270531955,62B,63B
270531875,63A,61B
270531985,63A,61B
270531995,63A,61B
270532000,63A,61B
270532005,63A,61B
270532575,63A,50A
270532580,63A,50A
270532585,63A,50A
270532590,63A,63B
270532595,63A,50A
270530075,63B,50A
270530100,63B,50A
270530107,63B,50A
270530110,63B,50B
270530115,63B,50A
270530120,63B,50B
270530125,63B,50A
270530131,63B,50A
270530975,63B,63B
270532600,63B,63B
270532605,63B,63B
270532610,63B,50A
270532615,63B,50A
271230900,64A,64A
271230960,64A,64A
271230970,64A,64B
271230540,64A,65A
271230550,64A,65A
271230600,64A,64A
271230660,64A,64A
271230680,64A,64A
271230690,64A,64A
271230710,64A,64A
271231030,64A,64A
271231040,64A,64A
271231050,64A,64A
271231080,64A,64A
271231090,64A,64A
271230840,64B,64B
271230850,64B,64B
271230860,64B,64B
271230870,64B,64B
271230880,64B,64B
271230890,64B,64B
271230910,64B,64B
271230920,64B,64B
271230930,64B,64B
271230940,64B,64B
271230950,64B,64B
271230980,64B,64B
271230990,64B,64B
271231060,64B,64B
271230560,65A,65A
271230570,65A,65A
271230580,65A,65A
271230590,65A,65A
271230610,65A,65A
271230620,65A,65A
271230630,65A,65A
271230670,65A,65B
271231210,65A,65A
271231220,65A,65A
271231250,65A,65B
271230830,65B,65B
271230640,65B,65A
271230650,65B,65A
271230700,65B,65B
271230720,65B,65B
271230730,65B,65B
271230740,65B,65B
271230750,65B,65B
271230760,65B,65B
271230780,65B,65B
271230790,65B,65B
271230800,65B,65B
271230810,65B,65B
271230820,65B,65B
271230770,66A,67B
271231170,66A,66B
271231190,66A,66B
271231200,66A,66B
271231230,66A,66B
271231240,66A,66B
271231260,66A,66B
271231270,66A,66B
271231280,66A,66B
271231290,66A,66B
271231300,66A,67A
271231310,66A,67A
271231000,66B,64A
271230060,66B,66A
271230070,66B,66A
271231010,66B,66A
271231020,66B,64A
271231070,66B,64A
271231100,66B,66B
271231110,66B,66A
271231120,66B,66B
271231130,66B,66B
271231140,66B,65A
271231150,66B,65A
271231160,66B,66B
271231180,66B,66B
271231380,67A,67A
271231390,67A,67A
271231400,67A,67A
271231410,67A,67A
271231420,67A,67A
271231480,67A,67A
271231510,67A,67B
271231320,67A,67A
271231330,67A,67A
271231340,67A,67A
271231350,67A,67A
271231360,67A,67A
271231370,67A,67A
271231430,67B,67B
271231440,67B,67B
271231450,67B,67B
271231460,67B,67B
271231470,67B,67B
271231490,67B,67B
271231500,67B,67B
271231520,67B,67B
271231530,67B,67B
271231540,67B,67B
271231550,67B,67B
271231560,67B,67B
271231570,67B,67B
